User_ID,Campaign,total_conversions,total_revenue,total_spend,total_clicks,total_impressions
,FB_Summer,6,2750,56157,3907,122048
,Google_Search,3,1700,77632,5576,222494
,TikTok_Viral,4,1700,61606,3970,137319
,LinkedIn_B2B,3,1650,62211,3717,151078
,Content_Marketing,2,1500,70633,4362,164728
U0022,TikTok_Viral,1,900,7415,665,13116
U0024,Google_Search,1,900,7399,383,2319
U0036,FB_Summer,1,900,7100,292,13492
U0045,TikTok_Viral,1,900,7497,409,4749
U0054,LinkedIn_B2B,1,900,6281,492,3958
U0058,FB_Summer,1,900,7874,415,11986
U0069,FB_Summer,1,900,5579,688,9979
U0075,Content_Marketing,1,900,13300,584,13163
U0082,Google_Search,1,900,4812,207,6233
U0084,Google_Search,1,900,6020,730,15112
U0090,FB_Summer,1,900,10708,557,26968
U0091,Content_Marketing,1,900,12070,570,33395
U0092,TikTok_Viral,1,900,6916,190,18555
U0099,LinkedIn_B2B,1,900,17336,648,44518
U0101,Content_Marketing,1,900,6666,264,18814
U0107,TikTok_Viral,1,900,14389,338,21326
U0108,LinkedIn_B2B,1,900,2941,157,12489
U0122,LinkedIn_B2B,1,900,6708,358,2321
U0127,Content_Marketing,1,900,6381,173,9733
U0131,FB_Summer,1,900,6211,95,12001
U0151,FB_Summer,1,900,15822,712,22528
U0153,Google_Search,1,900,1744,455,10981
U0160,Google_Search,1,900,11819,449,30654
U0176,TikTok_Viral,1,900,2661,477,9182
U0183,TikTok_Viral,1,900,4099,162,9617
U0188,Google_Search,1,900,6461,161,4700
U0192,FB_Summer,1,900,5286,387,3184
U0202,Google_Search,1,900,3950,492,4535
U0209,Google_Search,1,900,3012,315,18624
U0223,LinkedIn_B2B,1,900,1570,356,4563
U0228,Content_Marketing,1,900,8627,490,26353
U0241,TikTok_Viral,1,900,3681,272,19987
U0244,LinkedIn_B2B,1,900,4152,403,11908
U0246,Google_Search,1,900,1895,134,10042
U0255,Content_Marketing,1,900,17047,1123,49859
U0283,FB_Summer,1,900,3420,341,2563
U0285,Google_Search,1,900,2248,428,15590
U0295,TikTok_Viral,1,900,7597,431,19533
U0308,FB_Summer,1,900,8700,537,22494
U0319,TikTok_Viral,1,900,12608,156,20555
U0324,Content_Marketing,1,900,1524,472,14082
U0327,Google_Search,1,900,7110,254,7370
U0333,Google_Search,1,900,6447,177,8289
U0339,FB_Summer,1,900,7696,568,10602
U0342,TikTok_Viral,1,900,10584,838,21826
U0344,Content_Marketing,1,900,1732,104,15250
U0346,Content_Marketing,1,900,5003,667,8165
U0354,FB_Summer,1,900,10856,728,33464
U0372,Google_Search,1,900,4297,101,18261
U0398,Google_Search,1,900,4439,242,11275
U0419,TikTok_Viral,1,900,4314,297,7030
U0440,Google_Search,1,900,7329,151,6895
U0454,Content_Marketing,1,900,2157,256,16516
U0470,Google_Search,1,900,6724,158,16476
U0471,Google_Search,1,900,4566,97,12127
U0477,TikTok_Viral,1,900,3975,372,4461
U0480,Google_Search,1,900,2981,457,6795
U0487,FB_Summer,1,900,2453,70,9708
U0491,TikTok_Viral,1,900,3896,380,5585
U0505,FB_Summer,1,900,10280,306,28047
U0509,LinkedIn_B2B,1,900,3921,92,1423
U0510,FB_Summer,1,900,7397,473,16986
U0515,LinkedIn_B2B,1,900,11065,607,44254
U0521,Google_Search,1,900,10336,297,14037
U0527,FB_Summer,1,900,2873,69,13716
U0531,TikTok_Viral,1,900,14530,725,30603
U0534,TikTok_Viral,1,900,8812,840,18247
U0536,LinkedIn_B2B,1,900,4546,222,2325
U0537,TikTok_Viral,1,900,4335,412,12210
U0540,Google_Search,1,900,6873,90,13677
U0547,Content_Marketing,1,900,2299,223,11178
U0551,Google_Search,1,900,5481,344,9625
U0572,TikTok_Viral,1,900,4061,250,15739
U0582,FB_Summer,1,900,8025,503,26196
U0583,Content_Marketing,1,900,8598,331,17903
U0586,Content_Marketing,1,900,17982,535,19738
U0589,LinkedIn_B2B,1,900,13864,981,46902
U0595,LinkedIn_B2B,1,900,1672,92,1278
U0626,FB_Summer,1,900,5762,109,5154
U0630,LinkedIn_B2B,1,900,3374,435,10572
U0655,TikTok_Viral,1,900,6259,260,5707
U0665,Google_Search,1,900,7189,249,13482
U0669,Content_Marketing,1,900,1131,367,9708
U0672,LinkedIn_B2B,1,900,12281,969,26008
U0674,LinkedIn_B2B,1,900,12920,313,33414
U0675,LinkedIn_B2B,1,900,2111,244,6071
U0678,Content_Marketing,1,900,9446,394,21079
U0703,TikTok_Viral,1,900,5819,183,11274
U0706,Google_Search,1,900,5897,527,20334
U0707,LinkedIn_B2B,1,900,17855,996,46314
U0713,FB_Summer,1,900,6891,329,17483
U0722,Content_Marketing,1,900,1250,239,15049
U0726,TikTok_Viral,1,900,5442,456,13227
U0727,Google_Search,1,900,1483,96,4806
U0729,FB_Summer,1,900,14789,843,16111
U0752,Content_Marketing,1,900,6238,172,11195
U0772,FB_Summer,1,900,6050,145,16217
U0783,FB_Summer,1,900,1479,274,14552
U0784,FB_Summer,1,900,5905,70,12247
U0797,LinkedIn_B2B,1,900,6675,203,12466
U0802,Google_Search,1,900,7224,397,14215
U0822,LinkedIn_B2B,1,900,9561,665,25836
U0824,LinkedIn_B2B,1,900,7506,158,1708
U0827,LinkedIn_B2B,1,900,1161,78,17211
U0833,Content_Marketing,1,900,5060,122,7082
U0844,Google_Search,1,900,5587,121,19076
U0847,TikTok_Viral,1,900,7176,182,11225
U0855,Google_Search,1,900,6102,359,2621
U0859,Content_Marketing,1,900,7156,460,32694
U0860,LinkedIn_B2B,1,900,6335,181,10606
U0862,LinkedIn_B2B,1,900,10066,731,13932
U0866,FB_Summer,1,900,5326,256,5833
U0879,Content_Marketing,1,900,6722,608,21224
U0880,Content_Marketing,1,900,3626,408,15327
U0894,TikTok_Viral,1,900,6061,494,17505
U0907,TikTok_Viral,1,900,6964,541,17527
U0909,FB_Summer,1,900,13310,628,16694
U0913,TikTok_Viral,1,900,7201,471,35678
U0923,LinkedIn_B2B,1,900,3613,196,19246
U0927,FB_Summer,1,900,4768,252,18922
U0932,TikTok_Viral,1,900,7975,465,21407
U0936,TikTok_Viral,1,900,9607,826,27076
U0937,LinkedIn_B2B,1,900,7527,248,7317
U0951,LinkedIn_B2B,1,900,7055,163,17927
U0956,TikTok_Viral,1,900,1810,166,10825
U0957,LinkedIn_B2B,1,900,3261,789,20239
U0960,FB_Summer,1,900,7147,232,13497
U0980,FB_Summer,1,900,1675,221,8136
U1012,FB_Summer,1,900,12874,208,23002
U1016,TikTok_Viral,1,900,3728,185,6454
U1022,Google_Search,1,900,5517,348,7175
U1029,FB_Summer,1,900,6380,230,19877
U1046,Google_Search,1,900,4420,232,17933
U1057,Content_Marketing,1,900,1760,477,3143
U1060,TikTok_Viral,1,900,4347,408,4489
U1080,LinkedIn_B2B,1,900,2567,334,16174
U1108,FB_Summer,1,900,6652,353,8090
U1111,TikTok_Viral,1,900,1768,305,5826
U1135,Google_Search,1,900,4848,422,15730
U1142,FB_Summer,1,900,2339,429,10869
U1155,Content_Marketing,1,900,6169,284,8762
U1156,FB_Summer,1,900,15112,1102,31935
U1174,Google_Search,1,900,13213,316,10560
U1189,Content_Marketing,1,900,3938,460,18486
U1196,Content_Marketing,1,900,4690,309,8306
U1199,LinkedIn_B2B,1,900,2218,68,2341
U0888,Content_Marketing,1,600,7012,411,9723
U0895,Google_Search,1,600,4600,634,12803
U0925,FB_Summer,1,600,4623,340,9694
U0926,LinkedIn_B2B,1,600,4830,348,2783
U0948,Google_Search,1,600,6580,105,6911
U0950,TikTok_Viral,1,600,2845,147,12086
U0964,Google_Search,1,600,5114,271,11985
U0972,Google_Search,1,600,7402,313,7446
U0996,Google_Search,1,600,12362,563,34068
U1026,TikTok_Viral,1,600,6378,670,21322
U1035,Google_Search,1,600,5788,108,16325
U1041,TikTok_Viral,1,600,5104,306,14607
U1042,Content_Marketing,1,600,2602,328,18195
U1044,FB_Summer,1,600,7633,959,26882
U1066,Content_Marketing,1,600,4066,363,9933
U1070,Content_Marketing,1,600,4021,256,12242
U1078,Google_Search,1,600,1764,58,2929
U1107,Google_Search,1,600,4093,92,4545
U1109,Google_Search,1,600,4955,73,19776
U1110,TikTok_Viral,1,600,2182,429,13228
U1128,TikTok_Viral,1,600,5071,153,3499
U1136,LinkedIn_B2B,1,600,4083,235,16615
U1150,TikTok_Viral,1,600,6567,408,27734
U1160,FB_Summer,1,600,10951,785,15217
U1166,Google_Search,1,600,7172,86,15565
U1168,TikTok_Viral,1,600,1914,428,16650
U1175,Content_Marketing,1,600,5371,126,14183
U1184,TikTok_Viral,1,600,1075,177,7761
U1187,LinkedIn_B2B,1,600,14521,1144,22185
U1192,TikTok_Viral,1,600,5252,396,12559
U0006,FB_Summer,1,600,5988,151,6008
U0010,Google_Search,1,600,4401,383,17930
U0011,TikTok_Viral,1,600,7439,666,26637
U0013,Content_Marketing,1,600,4242,117,10830
U0023,TikTok_Viral,1,600,15661,529,27902
U0039,LinkedIn_B2B,1,600,15148,700,44637
U0042,LinkedIn_B2B,1,600,14286,556,39990
U0049,LinkedIn_B2B,1,600,2806,252,2795
U0055,LinkedIn_B2B,1,600,14571,964,18180
U0086,LinkedIn_B2B,1,600,2881,176,16093
U0089,FB_Summer,1,600,5635,243,37863
U0109,Content_Marketing,1,600,7509,500,4050
U0111,FB_Summer,1,600,3244,97,12810
U0115,LinkedIn_B2B,1,600,1675,377,18582
U0117,Google_Search,1,600,3003,73,16458
U0118,FB_Summer,1,600,11223,964,24519
U0130,Content_Marketing,1,600,2809,377,19531
U0137,Content_Marketing,1,600,13314,774,32286
U0138,LinkedIn_B2B,1,600,4051,60,12071
U0146,Content_Marketing,1,600,3807,300,12771
U0161,Google_Search,1,600,5797,73,3378
U0179,LinkedIn_B2B,1,600,1993,229,7519
U0184,FB_Summer,1,600,7086,322,9808
U0189,Content_Marketing,1,600,3037,130,17381
U0195,Content_Marketing,1,600,4629,230,11326
U0200,Google_Search,1,600,3718,157,18629
U0205,Content_Marketing,1,600,5441,117,7775
U0214,Google_Search,1,600,6600,486,29640
U0232,LinkedIn_B2B,1,600,5698,800,19552
U0239,TikTok_Viral,1,600,3983,195,7867
U0253,FB_Summer,1,600,5303,221,3166
U0254,FB_Summer,1,600,13646,904,23749
U0269,FB_Summer,1,600,6278,486,2383
U0275,TikTok_Viral,1,600,11920,543,19959
U0276,FB_Summer,1,600,16803,403,30526
U0278,LinkedIn_B2B,1,600,4604,77,7190
U0282,Content_Marketing,1,600,4797,396,8347
U0294,LinkedIn_B2B,1,600,4309,278,7721
U0300,FB_Summer,1,600,4291,351,2474
U0314,FB_Summer,1,600,6338,436,12722
U0318,Content_Marketing,1,600,10538,782,37391
U0334,LinkedIn_B2B,1,600,14420,567,9728
U0341,LinkedIn_B2B,1,600,14033,933,30718
U0358,LinkedIn_B2B,1,600,6466,472,10258
U0365,TikTok_Viral,1,600,4490,295,3010
U0366,Content_Marketing,1,600,5364,223,9117
U0383,TikTok_Viral,1,600,1888,103,3549
U0391,Content_Marketing,1,600,11198,503,19574
U0394,Content_Marketing,1,600,7607,625,21106
U0395,TikTok_Viral,1,600,1763,97,1840
U0403,LinkedIn_B2B,1,600,3565,302,2542
U0416,LinkedIn_B2B,1,600,9619,602,26181
U0418,Google_Search,1,600,7040,755,13301
U0426,Google_Search,1,600,2041,450,17949
U0436,LinkedIn_B2B,1,600,2203,496,2624
U0442,Content_Marketing,1,600,7940,287,26331
U0453,TikTok_Viral,1,600,8736,307,15584
U0460,Google_Search,1,600,4818,444,12337
U0466,FB_Summer,1,600,7642,399,10459
U0468,Content_Marketing,1,600,7753,403,28893
U0474,FB_Summer,1,600,9592,379,17280
U0476,Google_Search,1,600,7985,722,18082
U0478,TikTok_Viral,1,600,3648,765,12567
U0499,Google_Search,1,600,10680,690,17741
U0507,FB_Summer,1,600,21792,917,33921
U0511,TikTok_Viral,1,600,15571,395,37187
U0514,LinkedIn_B2B,1,600,6794,298,12488
U0524,LinkedIn_B2B,1,600,5164,318,6842
U0532,TikTok_Viral,1,600,10902,708,46449
U0533,LinkedIn_B2B,1,600,1540,235,11338
U0542,FB_Summer,1,600,7179,132,3118
U0548,TikTok_Viral,1,600,4146,434,5861
U0558,Content_Marketing,1,600,3347,236,3897
U0571,Google_Search,1,600,5927,495,34940
U0594,TikTok_Viral,1,600,4034,110,11092
U0596,LinkedIn_B2B,1,600,5685,94,2324
U0633,FB_Summer,1,600,4208,179,18320
U0636,TikTok_Viral,1,600,5716,467,18378
U0651,TikTok_Viral,1,600,4539,508,38450
U0652,Google_Search,1,600,13571,881,26026
U0653,Content_Marketing,1,600,7746,471,1835
U0659,LinkedIn_B2B,1,600,1993,147,8151
U0687,FB_Summer,1,600,7322,477,19175
U0689,LinkedIn_B2B,1,600,2675,111,19391
U0691,LinkedIn_B2B,1,600,6856,338,9832
U0697,Google_Search,1,600,7475,95,14877
U0711,Content_Marketing,1,600,4523,227,13644
U0731,LinkedIn_B2B,1,600,2306,155,19499
U0751,LinkedIn_B2B,1,600,6563,313,17817
U0753,LinkedIn_B2B,1,600,6899,194,16103
U0757,LinkedIn_B2B,1,600,9406,581,34531
U0760,LinkedIn_B2B,1,600,4522,254,11614
U0764,FB_Summer,1,600,6219,671,20530
U0769,Content_Marketing,1,600,15193,621,19589
U0779,LinkedIn_B2B,1,600,4692,415,19987
U0780,Google_Search,1,600,1384,133,6307
U0785,TikTok_Viral,1,600,4722,487,2621
U0787,Google_Search,1,600,6028,399,13370
U0789,FB_Summer,1,600,10977,318,27683
U0799,TikTok_Viral,1,600,12328,410,37917
U0805,TikTok_Viral,1,600,9915,329,14460
U0820,TikTok_Viral,1,600,9174,882,16744
U0821,LinkedIn_B2B,1,600,7867,310,8863
U0825,Content_Marketing,1,600,19781,1219,19154
U0838,Content_Marketing,1,600,5869,234,34084
U0840,Google_Search,1,600,7966,97,13598
U0849,FB_Summer,1,600,4620,259,18884
U0864,LinkedIn_B2B,1,600,1833,63,16095
U0868,Content_Marketing,1,600,16623,924,22465
U0873,TikTok_Viral,1,600,1083,390,4384
U0014,LinkedIn_B2B,1,400,11451,794,36435
U0018,Content_Marketing,1,400,8750,772,10614
U0020,TikTok_Viral,1,400,7308,104,14931
U0026,Content_Marketing,1,400,13462,508,8456
U0029,FB_Summer,1,400,6367,608,22736
U0043,LinkedIn_B2B,1,400,8287,382,19724
U0047,Content_Marketing,1,400,7923,337,19243
U0063,LinkedIn_B2B,1,400,7170,381,7262
U0064,TikTok_Viral,1,400,8884,288,7330
U0067,FB_Summer,1,400,2111,486,3426
U0072,TikTok_Viral,1,400,2762,348,12563
U0078,LinkedIn_B2B,1,400,14077,407,22497
U0081,LinkedIn_B2B,1,400,9127,623,18110
U0095,FB_Summer,1,400,5428,219,13577
U0102,Content_Marketing,1,400,6445,231,6450
U0119,FB_Summer,1,400,6680,499,1314
U0123,FB_Summer,1,400,8322,489,13864
U0149,TikTok_Viral,1,400,2133,389,6587
U0150,Google_Search,1,400,1849,263,16816
U0164,Content_Marketing,1,400,15386,332,33683
U0177,Content_Marketing,1,400,5759,101,11663
U0190,Google_Search,1,400,2030,299,8624
U0191,LinkedIn_B2B,1,400,7712,184,18747
U0196,Google_Search,1,400,5769,177,8634
U0207,TikTok_Viral,1,400,7048,190,5979
U0215,Content_Marketing,1,400,2739,55,7592
U0220,TikTok_Viral,1,400,4909,519,25017
U0221,LinkedIn_B2B,1,400,11629,940,11101
U0233,LinkedIn_B2B,1,400,2326,449,3424
U0248,FB_Summer,1,400,3892,195,15939
U0256,FB_Summer,1,400,3787,133,4356
U0262,Google_Search,1,400,2382,83,12918
U0263,TikTok_Viral,1,400,5189,192,5829
U0274,FB_Summer,1,400,4395,238,6960
U0280,Google_Search,1,400,3234,338,7959
U0316,Google_Search,1,400,7365,649,31033
U0323,Content_Marketing,1,400,9234,480,21854
U0326,Google_Search,1,400,3070,156,17582
U0361,FB_Summer,1,400,2625,106,7211
U0374,TikTok_Viral,1,400,3632,425,14394
U0375,Google_Search,1,400,2485,397,14934
U0378,Google_Search,1,400,7129,162,3859
U0379,LinkedIn_B2B,1,400,4449,174,7905
U0384,Content_Marketing,1,400,3921,434,10253
U0386,FB_Summer,1,400,5075,99,1489
U0423,TikTok_Viral,1,400,2477,344,17612
U0449,LinkedIn_B2B,1,400,3135,77,9792
U0451,Google_Search,1,400,1198,167,9103
U0458,Content_Marketing,1,400,7723,494,14964
U0467,LinkedIn_B2B,1,400,4827,350,11583
U0473,LinkedIn_B2B,1,400,5103,373,12807
U0494,TikTok_Viral,1,400,4590,175,11742
U0496,Content_Marketing,1,400,8182,328,20086
U0513,LinkedIn_B2B,1,400,7788,206,4319
U0518,TikTok_Viral,1,400,11251,679,14101
U0522,Content_Marketing,1,400,12813,615,31365
U0525,LinkedIn_B2B,1,400,9971,986,42732
U0529,FB_Summer,1,400,4608,85,9053
U0538,Content_Marketing,1,400,1609,140,13235
U0545,LinkedIn_B2B,1,400,7696,388,6661
U0549,Content_Marketing,1,400,5288,459,17519
U0552,Google_Search,1,400,10707,915,22165
U0554,TikTok_Viral,1,400,2684,152,19684
U0557,LinkedIn_B2B,1,400,9749,225,19749
U0559,LinkedIn_B2B,1,400,10947,573,30380
U0568,Content_Marketing,1,400,4459,84,3135
U0577,Google_Search,1,400,7421,99,14869
U0591,Google_Search,1,400,2356,394,17170
U0593,TikTok_Viral,1,400,6430,83,11287
U0602,Google_Search,1,400,4739,72,10322
U0607,Google_Search,1,400,6941,59,3831
U0609,TikTok_Viral,1,400,2372,147,16840
U0612,Content_Marketing,1,400,10211,828,25506
U0613,LinkedIn_B2B,1,400,1875,294,2393
U0614,TikTok_Viral,1,400,21454,967,19650
U0623,FB_Summer,1,400,2101,66,4862
U0624,FB_Summer,1,400,1889,93,6162
U0643,Google_Search,1,400,7477,430,2519
U0656,FB_Summer,1,400,5905,194,13803
U0664,FB_Summer,1,400,6030,82,16119
U0666,TikTok_Viral,1,400,10804,579,24298
U0673,TikTok_Viral,1,400,7966,403,8277
U0680,Google_Search,1,400,20202,1032,27125
U0690,FB_Summer,1,400,4600,180,15335
U0696,Content_Marketing,1,400,10337,546,25201
U0698,TikTok_Viral,1,400,3327,395,19127
U0701,LinkedIn_B2B,1,400,11177,502,24199
U0708,Content_Marketing,1,400,2868,536,31797
U0721,Content_Marketing,1,400,9698,705,27167
U0723,Google_Search,1,400,7957,373,18104
U0728,Content_Marketing,1,400,6290,122,19595
U0743,Content_Marketing,1,400,3998,339,4095
U0745,FB_Summer,1,400,3283,385,7927
U0754,Google_Search,1,400,12001,131,22143
U0755,Content_Marketing,1,400,3296,114,3591
U0756,Content_Marketing,1,400,7443,240,19865
U0777,FB_Summer,1,400,5873,250,7236
U0778,FB_Summer,1,400,2676,201,7015
U0788,Google_Search,1,400,9452,518,10289
U0803,FB_Summer,1,400,5631,148,15361
U0807,LinkedIn_B2B,1,400,7826,454,16114
U0808,Content_Marketing,1,400,3370,483,7657
U0809,FB_Summer,1,400,2783,265,3724
U0813,Google_Search,1,400,10119,948,7664
U0816,LinkedIn_B2B,1,400,2810,471,13244
U0817,Content_Marketing,1,400,7298,478,11433
U0823,Google_Search,1,400,2753,54,9652
U0831,FB_Summer,1,400,5955,210,1983
U0837,Google_Search,1,400,17107,853,35730
U0872,Content_Marketing,1,400,5473,272,10874
U0876,Google_Search,1,400,7624,442,8489
U0893,Content_Marketing,1,400,6454,158,1729
U0898,Google_Search,1,400,7965,633,19000
U0903,Content_Marketing,1,400,4277,260,5989
U0912,FB_Summer,1,400,3407,486,11174
U0928,TikTok_Viral,1,400,7943,292,3906
U0931,TikTok_Viral,1,400,4543,370,5933
U0945,Content_Marketing,1,400,7870,296,10585
U0958,FB_Summer,1,400,5820,328,2298
U0961,Content_Marketing,1,400,3070,234,10043
U0999,TikTok_Viral,1,400,12319,705,13394
U1001,FB_Summer,1,400,1459,340,9838
U1013,LinkedIn_B2B,1,400,5037,453,4745
U1014,Google_Search,1,400,2240,264,1292
U1021,TikTok_Viral,1,400,1869,119,11599
U1025,LinkedIn_B2B,1,400,14674,1046,47201
U1027,LinkedIn_B2B,1,400,1234,82,14818
U1028,LinkedIn_B2B,1,400,3813,166,3121
U1031,LinkedIn_B2B,1,400,1335,458,3648
U1053,TikTok_Viral,1,400,4854,148,15050
U1056,LinkedIn_B2B,1,400,1288,374,6718
U1063,Content_Marketing,1,400,4083,497,10858
U1069,LinkedIn_B2B,1,400,2761,433,15674
U1071,TikTok_Viral,1,400,8555,608,20190
U1095,FB_Summer,1,400,2023,76,2564
U1100,LinkedIn_B2B,1,400,3321,240,14186
U1106,FB_Summer,1,400,3166,412,3238
U1117,Content_Marketing,1,400,6200,348,16800
U1120,Content_Marketing,1,400,12821,370,23585
U1122,TikTok_Viral,1,400,12920,762,22244
U1124,Google_Search,1,400,7088,271,15737
U1127,LinkedIn_B2B,1,400,9731,593,20026
U1130,Google_Search,1,400,13487,479,5281
U1131,FB_Summer,1,400,7760,76,8530
U1137,TikTok_Viral,1,400,7839,130,19722
U1146,Google_Search,1,400,1717,117,11510
U1148,TikTok_Viral,1,400,4540,458,8556
U1153,TikTok_Viral,1,400,6479,361,12974
U1177,Content_Marketing,1,400,5864,395,2828
U1182,TikTok_Viral,1,400,5333,168,1092
U1191,FB_Summer,1,400,5210,150,9922
U1193,Content_Marketing,1,400,12939,236,9828
U1197,Google_Search,1,400,4363,613,33686
U0891,FB_Summer,1,250,4744,76,13982
U0897,LinkedIn_B2B,1,250,5905,141,3081
U0908,Content_Marketing,1,250,5709,303,11531
U0911,LinkedIn_B2B,1,250,10165,285,8582
U0915,FB_Summer,1,250,4134,251,6253
U0924,Google_Search,1,250,3427,279,6054
U0929,LinkedIn_B2B,1,250,2306,164,18528
U0944,Content_Marketing,1,250,16737,994,33365
U0952,Google_Search,1,250,7144,251,18492
U0982,LinkedIn_B2B,1,250,6356,190,4644
U0985,Content_Marketing,1,250,7975,87,1777
U0989,LinkedIn_B2B,1,250,4240,379,16004
U0990,FB_Summer,1,250,15131,532,17816
U0994,LinkedIn_B2B,1,250,4636,56,4875
U0995,FB_Summer,1,250,4619,62,13660
U1006,FB_Summer,1,250,6893,214,1920
U1030,FB_Summer,1,250,5516,272,13461
U1043,FB_Summer,1,250,1923,357,14001
U1062,LinkedIn_B2B,1,250,5723,454,8514
U1073,Google_Search,1,250,6078,79,19918
U1074,LinkedIn_B2B,1,250,14098,558,16360
U1077,TikTok_Viral,1,250,6606,92,4374
U1090,Content_Marketing,1,250,6038,794,20184
U1091,Google_Search,1,250,7998,220,8181
U1097,Content_Marketing,1,250,5099,222,14149
U1099,LinkedIn_B2B,1,250,6681,175,10530
U1112,Content_Marketing,1,250,5104,249,19818
U1116,TikTok_Viral,1,250,3078,243,19805
U1119,Google_Search,1,250,3164,347,14769
U1183,Content_Marketing,1,250,6811,252,8245
U1185,LinkedIn_B2B,1,250,4202,185,16214
U1195,FB_Summer,1,250,5224,218,19602
U1198,LinkedIn_B2B,1,250,3711,464,4895
U0015,Google_Search,1,250,7072,276,19077
U0017,LinkedIn_B2B,1,250,3282,492,3274
U0028,Google_Search,1,250,4023,292,19136
U0035,TikTok_Viral,1,250,7860,350,17044
U0038,LinkedIn_B2B,1,250,4528,124,9001
U0041,Content_Marketing,1,250,4725,238,9590
U0048,Google_Search,1,250,1050,142,5694
U0052,LinkedIn_B2B,1,250,7188,435,16740
U0060,FB_Summer,1,250,4744,82,4632
U0065,LinkedIn_B2B,1,250,10639,468,27910
U0071,LinkedIn_B2B,1,250,10618,954,17112
U0083,Content_Marketing,1,250,12965,516,14547
U0088,LinkedIn_B2B,1,250,4412,335,18366
U0110,Google_Search,1,250,2294,275,15959
U0114,FB_Summer,1,250,1447,451,8842
U0134,FB_Summer,1,250,3200,338,3019
U0139,TikTok_Viral,1,250,3548,413,17606
U0144,FB_Summer,1,250,4748,123,11367
U0159,LinkedIn_B2B,1,250,10832,941,14574
U0165,Google_Search,1,250,13092,383,20958
U0167,LinkedIn_B2B,1,250,5814,384,3550
U0168,Google_Search,1,250,5688,125,2832
U0169,Google_Search,1,250,2797,475,14460
U0173,FB_Summer,1,250,4282,364,18072
U0178,Content_Marketing,1,250,7587,170,19197
U0182,TikTok_Viral,1,250,13149,558,18457
U0186,TikTok_Viral,1,250,7694,245,1413
U0194,Google_Search,1,250,15135,1192,67895
U0197,Content_Marketing,1,250,7694,272,14648
U0203,TikTok_Viral,1,250,4970,493,18418
U0211,LinkedIn_B2B,1,250,2012,96,4740
U0216,TikTok_Viral,1,250,13228,444,32853
U0218,Google_Search,1,250,8926,429,24174
U0230,LinkedIn_B2B,1,250,1913,359,6721
U0235,LinkedIn_B2B,1,250,6306,153,6787
U0240,FB_Summer,1,250,7512,551,22602
U0251,TikTok_Viral,1,250,15991,866,23007
U0258,FB_Summer,1,250,7346,297,15131
U0267,Content_Marketing,1,250,7591,165,4013
U0272,Google_Search,1,250,4460,498,4289
U0273,Google_Search,1,250,1025,255,7556
U0290,FB_Summer,1,250,4586,459,15979
U0304,FB_Summer,1,250,11683,773,23020
U0305,Google_Search,1,250,7291,465,1276
U0313,TikTok_Viral,1,250,7450,387,1347
U0320,Content_Marketing,1,250,1806,110,3337
U0353,LinkedIn_B2B,1,250,3462,73,18021
U0355,LinkedIn_B2B,1,250,3082,396,14937
U0371,TikTok_Viral,1,250,10206,743,14999
U0376,Google_Search,1,250,7527,452,16677
U0387,Content_Marketing,1,250,5435,376,19567
U0402,Content_Marketing,1,250,12959,720,17502
U0404,LinkedIn_B2B,1,250,6635,363,13437
U0411,FB_Summer,1,250,8023,695,19759
U0413,Content_Marketing,1,250,5642,455,12370
U0420,FB_Summer,1,250,4900,295,10503
U0424,FB_Summer,1,250,20689,855,13867
U0425,Google_Search,1,250,7635,121,1171
U0433,Google_Search,1,250,12392,706,30465
U0435,TikTok_Viral,1,250,4933,376,19238
U0444,Content_Marketing,1,250,3308,342,14975
U0452,Google_Search,1,250,1695,89,3421
U0457,FB_Summer,1,250,6119,289,6126
U0459,FB_Summer,1,250,9008,484,23567
U0475,Google_Search,1,250,5991,473,16094
U0483,LinkedIn_B2B,1,250,5654,190,2171
U0485,LinkedIn_B2B,1,250,4907,366,6583
U0488,FB_Summer,1,250,12579,708,12544
U0490,FB_Summer,1,250,2293,362,6148
U0492,Google_Search,1,250,7353,422,24834
U0495,Content_Marketing,1,250,12851,709,21548
U0498,Google_Search,1,250,4116,75,15641
U0500,FB_Summer,1,250,8759,654,18543
U0503,LinkedIn_B2B,1,250,7969,67,13616
U0512,Content_Marketing,1,250,7680,138,17378
U0526,LinkedIn_B2B,1,250,1978,252,7623
U0530,LinkedIn_B2B,1,250,5018,363,9193
U0563,LinkedIn_B2B,1,250,4919,375,2372
U0566,FB_Summer,1,250,6847,277,4804
U0569,LinkedIn_B2B,1,250,2126,111,1790
U0588,LinkedIn_B2B,1,250,4266,510,31047
U0597,FB_Summer,1,250,5309,86,10320
U0599,Content_Marketing,1,250,8756,643,26365
U0611,FB_Summer,1,250,7961,260,3437
U0618,LinkedIn_B2B,1,250,7549,208,14228
U0645,Google_Search,1,250,6504,840,20501
U0647,FB_Summer,1,250,2203,219,19525
U0648,Google_Search,1,250,2434,147,4550
U0685,Content_Marketing,1,250,6325,104,12219
U0686,LinkedIn_B2B,1,250,7376,228,13188
U0714,Content_Marketing,1,250,11946,537,19327
U0720,LinkedIn_B2B,1,250,9485,267,16334
U0730,LinkedIn_B2B,1,250,15242,443,23603
U0737,FB_Summer,1,250,10245,460,12494
U0766,TikTok_Viral,1,250,1518,210,10071
U0774,Content_Marketing,1,250,3117,191,19950
U0775,Google_Search,1,250,5677,278,5229
U0781,TikTok_Viral,1,250,13169,800,18607
U0786,FB_Summer,1,250,8010,524,18458
U0793,Google_Search,1,250,5992,354,10099
U0800,LinkedIn_B2B,1,250,7604,251,1324
U0804,LinkedIn_B2B,1,250,2032,109,11603
U0826,TikTok_Viral,1,250,2756,257,10304
U0828,FB_Summer,1,250,2752,138,14736
U0839,LinkedIn_B2B,1,250,16426,888,19848
U0850,LinkedIn_B2B,1,250,5719,400,31553
U0851,LinkedIn_B2B,1,250,10157,908,14265
U0852,Content_Marketing,1,250,7341,59,12380
U0875,Google_Search,1,250,10952,642,16511
U0003,LinkedIn_B2B,1,150,3361,306,20737
U0008,Google_Search,1,150,1581,412,2929
U0012,Content_Marketing,1,150,1561,354,3226
U0019,TikTok_Viral,1,150,10493,393,22732
U0025,FB_Summer,1,150,5620,161,16238
U0031,LinkedIn_B2B,1,150,7044,566,14530
U0046,LinkedIn_B2B,1,150,6379,296,8348
U0050,LinkedIn_B2B,1,150,5074,432,15111
U0057,TikTok_Viral,1,150,7841,149,13053
U0070,Google_Search,1,150,5686,263,1992
U0079,Google_Search,1,150,3705,417,16479
U0121,LinkedIn_B2B,1,150,5564,341,20297
U0143,LinkedIn_B2B,1,150,4444,453,11856
U0154,LinkedIn_B2B,1,150,5918,919,26329
U0156,TikTok_Viral,1,150,4460,463,1418
U0158,Google_Search,1,150,9426,838,12022
U0166,FB_Summer,1,150,1326,382,11619
U0175,Google_Search,1,150,6686,276,13356
U0185,LinkedIn_B2B,1,150,7910,434,5787
U0187,TikTok_Viral,1,150,7315,98,18076
U0198,Content_Marketing,1,150,1337,213,18692
U0201,TikTok_Viral,1,150,2644,454,9889
U0206,FB_Summer,1,150,10909,603,25276
U0219,LinkedIn_B2B,1,150,7847,315,30204
U0225,TikTok_Viral,1,150,4125,272,18862
U0259,Google_Search,1,150,3072,72,3170
U0277,Google_Search,1,150,8872,234,23272
U0296,Content_Marketing,1,150,8969,706,18871
U0302,Google_Search,1,150,3204,333,4326
U0325,LinkedIn_B2B,1,150,5042,260,19114
U0329,Content_Marketing,1,150,5437,252,15020
U0330,FB_Summer,1,150,1098,249,7971
U0331,LinkedIn_B2B,1,150,6458,296,3212
U0347,FB_Summer,1,150,4993,422,13838
U0356,Content_Marketing,1,150,4552,244,1849
U0357,FB_Summer,1,150,7461,322,19077
U0363,Google_Search,1,150,4933,198,10247
U0367,FB_Summer,1,150,3809,204,16538
U0385,FB_Summer,1,150,14181,392,23729
U0390,FB_Summer,1,150,11145,591,20637
U0401,TikTok_Viral,1,150,10783,240,15657
U0410,Content_Marketing,1,150,1896,73,1569
U0412,TikTok_Viral,1,150,4680,498,18265
U0434,Content_Marketing,1,150,2951,117,1497
U0438,Content_Marketing,1,150,1267,386,5917
U0450,FB_Summer,1,150,6880,167,10508
U0455,FB_Summer,1,150,5056,137,18189
U0461,LinkedIn_B2B,1,150,4856,361,15892
U0463,Content_Marketing,1,150,5985,151,17563
U0465,Content_Marketing,1,150,6628,475,6586
U0469,FB_Summer,1,150,13147,876,11207
U0497,FB_Summer,1,150,2885,386,7842
U0504,FB_Summer,1,150,4250,215,1383
U0519,Content_Marketing,1,150,12495,1293,11182
U0541,Content_Marketing,1,150,7951,214,8461
U0550,Content_Marketing,1,150,4735,191,7480
U0555,LinkedIn_B2B,1,150,5594,355,10350
U0560,Google_Search,1,150,6814,453,11973
U0562,FB_Summer,1,150,3928,388,14205
U0573,LinkedIn_B2B,1,150,11214,764,31074
U0581,LinkedIn_B2B,1,150,2902,101,3686
U0585,Google_Search,1,150,7071,140,10445
U0615,FB_Summer,1,150,3038,117,2317
U0627,Content_Marketing,1,150,7042,468,5430
U0635,LinkedIn_B2B,1,150,3380,493,2386
U0638,FB_Summer,1,150,4317,379,11584
U0642,Google_Search,1,150,5257,324,14344
U0649,Content_Marketing,1,150,1250,378,15483
U0650,FB_Summer,1,150,7707,195,1100
U0668,LinkedIn_B2B,1,150,5726,88,4709
U0671,TikTok_Viral,1,150,4403,455,15738
U0679,FB_Summer,1,150,9169,703,33778
U0684,TikTok_Viral,1,150,3675,326,13015
U0699,LinkedIn_B2B,1,150,13778,559,37748
U0700,Google_Search,1,150,4453,527,11569
U0705,TikTok_Viral,1,150,10643,778,5855
U0717,TikTok_Viral,1,150,1404,414,19942
U0718,Content_Marketing,1,150,7278,488,19033
U0719,Google_Search,1,150,4311,143,1114
U0736,Google_Search,1,150,6697,173,16695
U0749,TikTok_Viral,1,150,13659,696,32282
U0759,LinkedIn_B2B,1,150,10213,607,22454
U0761,LinkedIn_B2B,1,150,5949,204,8428
U0770,LinkedIn_B2B,1,150,1056,414,2636
U0782,FB_Summer,1,150,7631,429,1536
U0796,LinkedIn_B2B,1,150,4906,216,1648
U0806,Content_Marketing,1,150,13960,1054,25994
U0810,FB_Summer,1,150,1306,312,16546
U0814,Content_Marketing,1,150,3253,222,19888
U0836,LinkedIn_B2B,1,150,6524,143,14784
U0882,Google_Search,1,150,3335,381,2289
U0883,Content_Marketing,1,150,4037,440,7579
U0886,TikTok_Viral,1,150,4904,265,2036
U0887,FB_Summer,1,150,2378,162,9803
U0901,FB_Summer,1,150,4333,690,19738
U0906,Content_Marketing,1,150,7019,294,14101
U0916,Content_Marketing,1,150,6680,430,1689
U0922,FB_Summer,1,150,9706,613,18019
U0941,LinkedIn_B2B,1,150,1346,287,7705
U0946,Google_Search,1,150,8238,325,20282
U0955,Content_Marketing,1,150,2698,203,10556
U0959,TikTok_Viral,1,150,7065,58,4073
U0963,LinkedIn_B2B,1,150,5488,383,1075
U0978,LinkedIn_B2B,1,150,6499,99,16914
U0987,LinkedIn_B2B,1,150,12043,1057,41000
U0991,Google_Search,1,150,8910,430,14129
U0997,TikTok_Viral,1,150,6845,182,4384
U0998,LinkedIn_B2B,1,150,3829,162,9156
U1003,Content_Marketing,1,150,12989,753,11884
U1007,FB_Summer,1,150,13102,793,34477
U1010,FB_Summer,1,150,6442,357,10437
U1018,LinkedIn_B2B,1,150,7193,142,2657
U1019,Google_Search,1,150,5989,498,29857
U1020,FB_Summer,1,150,6850,652,20793
U1032,LinkedIn_B2B,1,150,16879,679,41669
U1034,Content_Marketing,1,150,5703,828,23719
U1037,Google_Search,1,150,2434,288,15919
U1052,Google_Search,1,150,6093,73,15045
U1058,Content_Marketing,1,150,9107,254,23762
U1065,TikTok_Viral,1,150,3114,256,17668
U1067,FB_Summer,1,150,4646,229,7544
U1086,FB_Summer,1,150,7227,441,4630
U1087,LinkedIn_B2B,1,150,10106,903,49903
U1092,LinkedIn_B2B,1,150,10865,663,29400
U1104,FB_Summer,1,150,2552,74,16338
U1123,Content_Marketing,1,150,4627,275,15949
U1125,Google_Search,1,150,5123,315,26409
U1126,Content_Marketing,1,150,4133,491,9680
U1143,LinkedIn_B2B,1,150,2176,420,3004
U1154,TikTok_Viral,1,150,4405,105,13162
U1161,FB_Summer,1,150,5606,374,4393
U1165,FB_Summer,1,150,1503,193,15444
U1167,LinkedIn_B2B,1,150,6452,388,18006
U1169,TikTok_Viral,1,150,2977,190,19890
U1179,Google_Search,1,150,8661,442,22940
U1188,Google_Search,1,150,3616,309,15267
U1194,LinkedIn_B2B,1,150,13206,313,23892
U0877,Content_Marketing,0,0,3583,497,5503
U0878,FB_Summer,0,0,8494,607,6901
U0878,LinkedIn_B2B,0,0,6241,103,10814
U0879,FB_Summer,0,0,5421,455,4586
U0880,TikTok_Viral,0,0,9611,640,38079
U0880,LinkedIn_B2B,0,0,7435,451,12772
U0881,TikTok_Viral,0,0,6394,349,6514
U0881,LinkedIn_B2B,0,0,8720,229,32941
U0881,FB_Summer,0,0,1870,323,7008
U0882,Content_Marketing,0,0,7495,133,9050
U0882,LinkedIn_B2B,0,0,1110,360,14680
U0882,TikTok_Viral,0,0,3148,475,12229
U0884,FB_Summer,0,0,3904,302,20946
U0884,Google_Search,0,0,1305,214,14106
U0884,LinkedIn_B2B,0,0,9216,559,21088
U0885,FB_Summer,0,0,3121,194,4052
U0885,TikTok_Viral,0,0,3261,468,10427
U0887,LinkedIn_B2B,0,0,4510,464,3276
U0887,TikTok_Viral,0,0,1708,477,17200
U0887,Content_Marketing,0,0,2381,196,19361
U0888,LinkedIn_B2B,0,0,9352,319,25753
U0889,Google_Search,0,0,3563,296,9779
U0890,TikTok_Viral,0,0,15470,447,22674
U0892,Content_Marketing,0,0,4392,484,16314
U0892,FB_Summer,0,0,8497,531,30991
U0892,LinkedIn_B2B,0,0,5679,67,2959
U0893,Google_Search,0,0,3376,170,12905
U0893,TikTok_Viral,0,0,4638,186,14920
U0894,Google_Search,0,0,9423,562,18358
U0894,Content_Marketing,0,0,7155,155,19764
U0895,FB_Summer,0,0,4461,441,3547
U0895,Content_Marketing,0,0,2530,479,3005
U0896,Content_Marketing,0,0,16518,1168,32128
U0896,TikTok_Viral,0,0,7736,475,11091
U0896,FB_Summer,0,0,6240,357,1631
U0898,Content_Marketing,0,0,1444,407,5807
U0898,LinkedIn_B2B,0,0,5750,492,2697
U0899,LinkedIn_B2B,0,0,1445,356,6114
U0899,TikTok_Viral,0,0,5203,372,18675
U0899,Google_Search,0,0,2305,255,5922
U0899,Content_Marketing,0,0,12469,588,30789
U0900,TikTok_Viral,0,0,5852,400,4680
U0900,Content_Marketing,0,0,8331,796,8825
U0901,LinkedIn_B2B,0,0,8795,199,19966
U0902,FB_Summer,0,0,7178,200,8939
U0902,TikTok_Viral,0,0,11352,469,18406
U0902,Google_Search,0,0,5178,329,5812
U0904,FB_Summer,0,0,6119,320,14361
U0904,LinkedIn_B2B,0,0,4969,487,6707
U0905,LinkedIn_B2B,0,0,5617,367,5220
U0905,Google_Search,0,0,5662,348,14375
U0906,LinkedIn_B2B,0,0,6384,470,6056
U0907,LinkedIn_B2B,0,0,5980,466,9094
U0907,Google_Search,0,0,5911,93,6071
U0907,FB_Summer,0,0,1406,384,16283
U0910,FB_Summer,0,0,4507,361,4352
U0911,Content_Marketing,0,0,7777,447,18865
U0911,Google_Search,0,0,4881,387,12943
U0911,FB_Summer,0,0,5310,270,19739
U0912,TikTok_Viral,0,0,2389,87,17263
U0912,LinkedIn_B2B,0,0,5093,387,22672
U0914,TikTok_Viral,0,0,3843,90,9781
U0914,LinkedIn_B2B,0,0,5573,456,12600
U0914,Content_Marketing,0,0,7617,98,11517
U0915,LinkedIn_B2B,0,0,7299,433,36007
U0915,TikTok_Viral,0,0,7563,56,11206
U0917,FB_Summer,0,0,4130,194,15330
U0917,Content_Marketing,0,0,4076,518,22376
U0917,TikTok_Viral,0,0,1348,355,6511
U0918,Content_Marketing,0,0,6154,194,8286
U0919,FB_Summer,0,0,5400,191,19138
U0920,LinkedIn_B2B,0,0,9225,613,18472
U0920,Google_Search,0,0,4934,421,2858
U0921,FB_Summer,0,0,7740,366,19752
U0921,LinkedIn_B2B,0,0,4174,258,5334
U0921,TikTok_Viral,0,0,1022,236,8605
U0921,Google_Search,0,0,2062,241,16930
U0921,Content_Marketing,0,0,3708,466,2698
U0922,Google_Search,0,0,7872,535,19754
U0923,Content_Marketing,0,0,11888,373,13298
U0924,LinkedIn_B2B,0,0,9635,237,23998
U0924,Content_Marketing,0,0,7872,482,10273
U0924,TikTok_Viral,0,0,2922,465,14382
U0925,Google_Search,0,0,3991,63,3326
U0925,TikTok_Viral,0,0,1506,241,5225
U0927,Google_Search,0,0,5715,322,14037
U0927,TikTok_Viral,0,0,2008,333,8702
U0929,FB_Summer,0,0,17963,1302,51482
U0930,Google_Search,0,0,6642,50,3138
U0930,TikTok_Viral,0,0,3403,120,7960
U0930,LinkedIn_B2B,0,0,5981,54,16835
U0931,Google_Search,0,0,4625,215,15300
U0931,Content_Marketing,0,0,2018,65,1123
U0933,FB_Summer,0,0,7522,205,5432
U0933,LinkedIn_B2B,0,0,3437,422,2757
U0934,TikTok_Viral,0,0,4520,475,6239
U0934,Google_Search,0,0,8891,807,34042
U0934,LinkedIn_B2B,0,0,5874,298,7844
U0934,Content_Marketing,0,0,5904,411,17583
U0935,Content_Marketing,0,0,6752,459,7800
U0935,FB_Summer,0,0,5837,181,13484
U0935,Google_Search,0,0,6504,514,6844
U0937,Google_Search,0,0,4688,319,18892
U0937,TikTok_Viral,0,0,13111,945,17549
U0938,Google_Search,0,0,7876,328,2944
U0938,Content_Marketing,0,0,4429,215,12676
U0938,LinkedIn_B2B,0,0,8861,497,30470
U0939,LinkedIn_B2B,0,0,8007,253,8536
U0939,FB_Summer,0,0,6008,513,9808
U0939,Content_Marketing,0,0,1497,138,2481
U0940,Content_Marketing,0,0,5529,766,13071
U0940,FB_Summer,0,0,1542,471,16585
U0942,TikTok_Viral,0,0,6244,377,8299
U0943,LinkedIn_B2B,0,0,6001,480,1575
U0943,TikTok_Viral,0,0,4604,390,16067
U0946,LinkedIn_B2B,0,0,9824,674,24882
U0946,Content_Marketing,0,0,2183,162,16524
U0947,Google_Search,0,0,14385,870,44028
U0947,Content_Marketing,0,0,9239,394,26357
U0948,Content_Marketing,0,0,5301,61,6097
U0949,LinkedIn_B2B,0,0,5645,381,18695
U0950,Google_Search,0,0,1057,255,13714
U0950,Content_Marketing,0,0,7384,125,19180
U0950,FB_Summer,0,0,6787,311,15308
U0950,LinkedIn_B2B,0,0,4446,301,11744
U0951,Google_Search,0,0,11204,661,10216
U0952,LinkedIn_B2B,0,0,4483,590,14667
U0953,Google_Search,0,0,5405,77,5657
U0953,FB_Summer,0,0,5197,199,9631
U0953,TikTok_Viral,0,0,11595,1001,38877
U0954,TikTok_Viral,0,0,2707,413,2236
U0954,FB_Summer,0,0,3492,378,6363
U0955,FB_Summer,0,0,5505,227,9332
U0956,LinkedIn_B2B,0,0,3922,328,10287
U0956,Google_Search,0,0,1941,267,3085
U0957,TikTok_Viral,0,0,6685,299,15737
U0958,Google_Search,0,0,5230,474,9230
U0958,TikTok_Viral,0,0,4403,261,15270
U0960,Content_Marketing,0,0,1985,190,10626
U0960,Google_Search,0,0,4751,205,13958
U0960,LinkedIn_B2B,0,0,1901,331,13574
U0961,LinkedIn_B2B,0,0,20252,980,27983
U0961,Google_Search,0,0,7494,466,18942
U0962,LinkedIn_B2B,0,0,6327,375,13648
U0962,Content_Marketing,0,0,3009,219,19824
U0963,Google_Search,0,0,8345,380,30060
U0963,TikTok_Viral,0,0,4980,458,18973
U0964,Content_Marketing,0,0,3156,141,7428
U0965,LinkedIn_B2B,0,0,2256,63,14228
U0965,TikTok_Viral,0,0,5823,339,5642
U0965,Google_Search,0,0,5254,122,5218
U0966,LinkedIn_B2B,0,0,2068,144,6770
U0966,Google_Search,0,0,7055,364,2519
U0967,FB_Summer,0,0,2866,378,6711
U0968,Content_Marketing,0,0,7604,490,21825
U0968,LinkedIn_B2B,0,0,7328,461,10763
U0969,Google_Search,0,0,4879,370,8946
U0969,LinkedIn_B2B,0,0,9176,714,20498
U0970,LinkedIn_B2B,0,0,6239,311,2985
U0970,Content_Marketing,0,0,4026,162,9166
U0970,TikTok_Viral,0,0,9865,849,28264
U0970,FB_Summer,0,0,3372,153,13722
U0971,LinkedIn_B2B,0,0,6282,407,14708
U0971,FB_Summer,0,0,6401,196,14461
U0971,Content_Marketing,0,0,4382,451,4318
U0971,TikTok_Viral,0,0,6045,361,18903
U0973,Google_Search,0,0,7019,705,8066
U0973,Content_Marketing,0,0,2003,196,14049
U0973,FB_Summer,0,0,6262,192,5723
U0974,TikTok_Viral,0,0,14433,616,41662
U0974,Content_Marketing,0,0,4191,105,6564
U0975,Google_Search,0,0,1277,439,3664
U0975,FB_Summer,0,0,12068,593,26488
U0976,Google_Search,0,0,5459,96,4399
U0977,LinkedIn_B2B,0,0,1204,74,11208
U0977,FB_Summer,0,0,4416,110,14244
U0977,Content_Marketing,0,0,3018,199,5731
U0977,Google_Search,0,0,5534,183,6109
U0979,FB_Summer,0,0,12015,428,21128
U0979,Google_Search,0,0,7943,468,1531
U0979,LinkedIn_B2B,0,0,3450,212,5479
U0979,TikTok_Viral,0,0,4902,484,17714
U0980,TikTok_Viral,0,0,1652,69,17361
U0980,LinkedIn_B2B,0,0,3345,136,9175
U0981,TikTok_Viral,0,0,4330,330,9299
U0981,LinkedIn_B2B,0,0,7058,209,3459
U0981,Google_Search,0,0,6796,288,18786
U0982,Content_Marketing,0,0,5897,163,2912
U0982,Google_Search,0,0,8862,518,14246
U0982,TikTok_Viral,0,0,7977,144,15688
U0983,TikTok_Viral,0,0,1331,453,17775
U0984,TikTok_Viral,0,0,5108,418,4647
U0984,Google_Search,0,0,2482,139,19221
U0984,FB_Summer,0,0,5309,148,12728
U0985,Google_Search,0,0,4705,359,4795
U0985,FB_Summer,0,0,7093,589,12552
U0985,TikTok_Viral,0,0,5008,334,2341
U0986,Content_Marketing,0,0,14446,857,12098
U0987,Content_Marketing,0,0,6942,417,15569
U0988,TikTok_Viral,0,0,7020,489,27452
U0989,Content_Marketing,0,0,9045,738,15705
U0990,LinkedIn_B2B,0,0,3801,176,14052
U0990,Content_Marketing,0,0,5791,64,13588
U0992,Google_Search,0,0,1216,204,3851
U0992,TikTok_Viral,0,0,10852,336,11905
U0992,LinkedIn_B2B,0,0,1369,204,18420
U0993,FB_Summer,0,0,7228,223,11883
U0993,Google_Search,0,0,2197,144,12157
U0994,TikTok_Viral,0,0,1020,422,15729
U0994,Content_Marketing,0,0,6955,461,8117
U0994,FB_Summer,0,0,7404,323,3472
U0995,LinkedIn_B2B,0,0,6489,281,17349
U0995,TikTok_Viral,0,0,6347,510,20025
U0995,Google_Search,0,0,6736,381,11523
U0996,FB_Summer,0,0,7993,293,8401
U0997,Google_Search,0,0,5114,485,13455
U0998,TikTok_Viral,0,0,2722,318,5569
U0998,Google_Search,0,0,4177,461,12570
U0998,FB_Summer,0,0,7496,498,8219
U0999,Content_Marketing,0,0,6801,238,4942
U0999,Google_Search,0,0,5739,116,19595
U1000,TikTok_Viral,0,0,3617,409,1713
U1000,Content_Marketing,0,0,3169,232,11120
U1000,FB_Summer,0,0,8000,408,1204
U1001,TikTok_Viral,0,0,8654,480,21903
U1002,TikTok_Viral,0,0,4334,372,8199
U1002,FB_Summer,0,0,7502,472,5965
U1002,Google_Search,0,0,2036,248,9294
U1003,FB_Summer,0,0,7471,310,6452
U1003,LinkedIn_B2B,0,0,5910,118,1787
U1004,LinkedIn_B2B,0,0,6860,403,2966
U1005,FB_Summer,0,0,2636,565,10758
U1005,Google_Search,0,0,10986,980,45786
U1006,Google_Search,0,0,10842,209,18055
U1006,Content_Marketing,0,0,8870,687,22142
U1007,LinkedIn_B2B,0,0,4456,217,15409
U1008,Google_Search,0,0,13253,584,14673
U1008,TikTok_Viral,0,0,3594,85,13156
U1009,LinkedIn_B2B,0,0,2954,52,18837
U1010,Google_Search,0,0,7410,685,29741
U1011,FB_Summer,0,0,1424,228,16840
U1011,TikTok_Viral,0,0,4499,111,19993
U1011,Content_Marketing,0,0,3866,445,14066
U1012,TikTok_Viral,0,0,2921,149,10423
U1012,LinkedIn_B2B,0,0,7751,479,10225
U1015,FB_Summer,0,0,7919,289,12018
U1016,Content_Marketing,0,0,11636,480,17520
U1016,FB_Summer,0,0,5459,865,23224
U1017,LinkedIn_B2B,0,0,6388,122,1681
U1017,Content_Marketing,0,0,7470,58,11473
U1017,Google_Search,0,0,2173,303,4753
U1017,TikTok_Viral,0,0,2623,170,11494
U1018,TikTok_Viral,0,0,1732,79,2863
U1018,Google_Search,0,0,10844,656,26630
U1019,TikTok_Viral,0,0,5156,570,21528
U1019,LinkedIn_B2B,0,0,7784,491,3892
U1020,Content_Marketing,0,0,5788,113,11106
U1020,Google_Search,0,0,5057,295,14045
U1021,Google_Search,0,0,6559,753,25801
U1021,FB_Summer,0,0,13210,764,18893
U1022,TikTok_Viral,0,0,4114,201,1817
U1022,Content_Marketing,0,0,1240,87,10532
U1023,FB_Summer,0,0,5365,275,3630
U1023,Google_Search,0,0,8861,451,18761
U1023,Content_Marketing,0,0,4663,337,17098
U1023,LinkedIn_B2B,0,0,7340,122,7428
U1024,TikTok_Viral,0,0,6268,357,12292
U1024,FB_Summer,0,0,10850,519,39191
U1024,Google_Search,0,0,6234,150,1649
U1025,FB_Summer,0,0,3675,303,4015
U1026,LinkedIn_B2B,0,0,7443,201,19401
U1026,FB_Summer,0,0,5651,966,33300
U1027,Content_Marketing,0,0,7551,80,12835
U1027,Google_Search,0,0,7739,54,2675
U1027,TikTok_Viral,0,0,8441,551,12331
U1028,Content_Marketing,0,0,6210,52,10827
U1029,Content_Marketing,0,0,7148,301,11833
